1630972800,3928.394459
1630886400,3952.154479
1630800000,3845.313976
1630627200,3787.989114
1630627140,3789.605016
1630540800,3823.976422
1630454400,3406.227273
1630368000,3227.239908
1630367940,3227.486196
1630281600,3228.658734
1630281540,3224.610634
1630195200,3247.58301
1630195140,3243.964588
1630108800,3270.666681
1630108740,3270.779053
1630022400,3084.817942
1630022340,3098.870516
1629936000,3231.313525
1629849600,3177.165411
1629849540,3171.253922
1629763200,3325.178649
1629763140,3317.488184
1629676800,3238.999045
1629590400,3224.052429
1629590340,3225.101028
1629504000,3285.493669
1629417600,3184.998503
1629331200,3024.53
1629331140,3016.86
1629244800,3011.01
1629244740,3013.81
1629158400,3144.49
1629072000,3317.24
1629071940,3311.647458
1628985600,3272.687779
1628899200,3319.817249
1628812800,3048.069251
1628726400,3162.66129
1628640000,3141.682338
1628553600,3150.6
1628467200,3021
1628380800,3158.3
1628294400,2891.193238
1628294340,2891.85408
1628208000,2829.048483
1628121600,2727.407813
1628035200,2512.638097
1627948800,2607.414173
1627862400,2562.69
1627776000,2524.01
1627775940,2536.04
1627689600,2453.930754
1627603200,2386.87
1627516800,2300.521333
1627430400,2300.641837
1627344000,2228.519064
1627257600,2192.909356
1627171200,2184.86
1627084800,2113.34
1627084740,2125.81
1626998400,2024.75
1626912000,1993.44
1626825600,1791.58
1626825540,1786.46
1626739200,1818.898025
1626739140,1818.44
1626652800,1889.052484
1626652740,1891.46
1626566400,1900.009305
1626480000,1877.180032
1626393600,1921.879079
1626307200,1994.247241
1626220800,1940.378941
1626134400,2030.937309
1626048000,2139.16
1625961600,2115.97
1625875200,2147.1
1625875080,2147.03
1625788800,2116.96
1625702400,2316.82
1625616000,2317.8
1625615940,2323.92
1625529600,2201.93
1625529540,2197.34
1625443200,2317.36
1625443140,2323.16
1625356800,2225.09
1625356740,2225.95
1625270400,2159.59
1625184000,2107.178076
1625097600,2276.454652
1625097540,2275.628558
1625011200,2166.935247
1624924800,2083.553931
1624838400,1983.314762
1624838340,1978.725256
1624752000,1830.64827
1624665600,1809.536755
1624579200,1989.174686
1624492800,1972.6
1624492680,1967.68
1624406400,1871.62
1624406340,1880.01
1624320000,1893.57
1624233600,2257.07
1624233540,2242.9
1624147200,2158.15
1624147080,2174.57
1624060800,2225.42
1624060740,2234.47
1623974400,2371.14
1623974340,2370.22
1623888000,2367.73
1623801600,2543.37232
1623715200,2582.483512
1623628800,2515.99
1623628740,2509.82
1623542400,2370.724416
1623456000,2354.813968
1623369600,2470.997379
1623283200,2610.633938
1623196800,2509.048145
1623110400,2606.991436
1623024000,2718.68
1622937600,2629.885236
1622851200,2690.896728
1622764800,2856.057688
1622678400,2706.64
1622592000,2643.82
1622591820,2633.74
1622505600,2726.78
1622505480,2693.13
1622419200,2373.63
1622419080,2392.82
1622332800,2284.03
1622332740,2283.55
1622246400,2406.28
1622246340,2408.55
1622160000,2730.02
1622073600,2873.66
1622073540,2889.84
1621987200,2704.02
1621987140,2707.56
1621900800,2635.6
1621814400,2115.75
1621814340,2107.812867
1621728000,2289.32
1621641600,2441.27
1621555200,2774.514776
1621468800,2442.614147
1621382400,3386.312493
1621296000,3283.29
1621209600,3588.29
1621123200,3627.19
1621123140,3642.28
1621036800,4094.99
1621036740,4083.78
1620950400,3708.95
1620950340,3715.01
1620864000,3825
1620777600,4172.33
1620691200,3946.96
1620604800,3922.96
1620604740,3933.130758
1620518400,3917.235249
1620432000,3484.200223
1620345600,3492.459978
1620259200,3529.070382
1620172800,3240.640745
1620086400,3432.945037
1620000000,2951.68638
1619913600,2948.92
1619913540,2948.209767
1619827200,2776.443892
1619740800,2758.439059
1619654400,2750.261825
1619568000,2667.862172
1619481600,2534
1619395200,2318.42
1619395080,2322.16
1619308800,2231
1619308740,2216.15
1619222400,2357.94
1619222340,2366.24
1619136000,2414.92
1619049600,2370.46
1618963200,2343.28
1618963140,2332.6
1618876800,2170.81
1618876740,2163.82
1618790400,2250.23
1618790340,2242.714992
1618704000,2326.18
1618703940,2317.039681
1618617600,2421.89177
1618531200,2516.645382
1618444800,2431.995543
1618358400,2301.245808
1618272000,2138.345296
1618185600,2150.54
1618185420,2150.41
1618099200,2132.08
1618099140,2133.72
1618012800,2066.74
1617926400,2079.055338
1617926340,2081.29
1617840000,1967.5
1617839940,1964.23
1617753600,2113
1617667200,2115.97
1617667140,2105.82
1617580800,2078.46
1617580740,2076.98
1617494400,2008.932841
1617408000,2134.34746
1617321600,1968.130136
1617235200,1919.717434
1617148800,1841.606753
1617062400,1822.18
1616976000,1684.07
1616975940,1687.19
1616889600,1713.88
1616803200,1700.1
1616716800,1587.08
1616630400,1581.79
1616630340,1584.58
1616544000,1672.54
1616543940,1671.9
1616457600,1683.53
1616371200,1784
1616284800,1801.15
1616198400,1808.86
1616198340,1810.29
1616112000,1776.56
1616025600,1829.11
1615939200,1812
1615852800,1795.381835
1615766400,1848.412961
1615704540,1891.440669
1615680000,1891.440669
1615593600,1767.79
1615507200,1833.58
1615507020,1827.04
1615420800,1778.04
1615334400,1876.53
1615334340,1871.99
1615248000,1839.01
1615161600,1739.33
1615161540,1724.79
1615075200,1658.68
1615075140,1651.66
1614988800,1534.82
1614902400,1540.86
1614902340,1539.69
1614816000,1563.62
1614815940,1567.86
1614729600,1485.04
1614729540,1493.385966
1614643200,1572.9
1614556800,1422.393761
1614470400,1460.425937
1614384000,1445.23905
1614297600,1482.518681
1614211200,1625.3
1614124800,1585
1614038400,1779.68
1614038340,1778.387622
1613952000,1937.39
1613865600,1914.61
1613779200,1957.175276
1613692800,1939.324911
1613606400,1850.828865
1613520000,1785.674193
1613433600,1776.843672
1613347200,1806.922822
1613347140,1803.669595
1613260800,1817.838911
1613174400,1848.644928
1613088000,1789.602442
1613001600,1747.25077
1613001540,1744.542648
1612915200,1774.836693
1612915140,1771.609619
1612828800,1756.378719
1612828740,1752.599749
1612742400,1606.920808
1612742340,1616.389205
1612656000,1675.064682
1612655940,1679.431888
1612569600,1723.176872
1612569540,1723.182424
1612483200,1605.828764
1612483140,1597.361878
1612396800,1666.661503
1612310820,1521.428431
1612310400,1521.428431
1612224000,1387.279159
1612137600,1282.883169
1612137540,1313.576198
1612051200,1373.371504
1611964800,1405.433939
1611964740,1383.002565
1611878400,1339.533422
1611878340,1331.137511
1611792000,1247.657047
1611791940,1248.168542
1611705600,1366.982689
1611705540,1364.544004
1611619200,1316.320998
1611619140,1319.681655
1611532800,1392.803101
1611532740,1394.89241
1611446400,1225.72461
1611446340,1233.075415
1611360000,1225.245041
1611359940,1238.210766
1611273600,1108.985494
1611273540,1117.335283
1611187200,1385.949012
1611187140,1376.481561
1611100800,1345.4986
1611100740,1374.684159
1611014520,1272.53652
1611014400,1272.53652
1610928000,1238.157664
1610927940,1233.04106
1610841600,1214.540351
1610841540,1228.428728
1610755200,1179.166709
1610755140,1171.960085
1610668800,1238.314083
1610668740,1226.547495
1610582400,1143.274015
1610582340,1131.367954
1610496000,1041.457901
1610495940,1049.423934
1610409600,1080.130611
1610409540,1091.957039
1610323200,1246.09807
1610236800,1289.67
1610150400,1231.846963
1610150340,1217.819065
1610064000,1222.412176
1610063940,1224.132685
1609977600,1216.662681
1609977540,1209.045344
1609891200,1109.862354
1609804800,1048.554375
1609718640,988.5238265
1609718400,988.5238265
1609632000,778.1925675
1609631940,775.1390985
1609545600,727.561545
1609545540,730.1145904
1609459200,738.5260917
1609459140,737.1926244
1609372800,753.4125718
1609372740,752.3996988
1609286400,734.2055078
1609286340,731.743102
1609200000,731.4184802
1609199940,729.6221658
1609113600,687.8791084
1609113480,682.1437793
1609027200,638.5076062
1609027140,635.9738198
1608940800,628.604621
1608940740,626.5836396
1608854400,615.1473804
1608854340,612.6077476
1608768000,579.6930576
1608767940,584.0731079
1608681600,636.242994
1608595200,609.3650495
1608508800,635.1576418
1608422400,656.2794874
1608336000,655.1125291
1608249600,640.9861837
1608163200,640.3165888
1608076800,589.2456269
1608076740,589.0811551
1607990400,587.0517891
1607904000,590.0171399
1607817600,568.779064
1607731200,545.8311814
1607644800,559.9681688
1607558400,573.9290146
1607472000,554.8192451
1607385600,591.1307626
1607385540,591.3848588
1607299200,602.7255864
1607212800,598.7261542
1607126400,567.2330081
1607040000,615.705535
1606953600,597.3579431
1606867200,585.4457059
1606780800,616.3764415
1606694400,578.1798335
1606608000,537.8770581
1606521600,519.3717901
1606435200,520.9713893
1606348800,567.9622837
1606262400,605.1703576
1606176000,608.9248234
1606089600,562.2983605
1606003200,551.6100614
1605916800,510.2209096
1605916740,510.0070423
1605830400,471.5353581
1605744000,479.6375542
1605657600,482.5503753
1605571200,460.3757029
1605484800,446.0614122
1605398400,461.1727945
1605312000,473.743761
1605225600,462.9952177
1605139200,463.5985132
1605052800,451.1144289
1604966400,443.3888015
1604880000,454.4843129
1604793600,434.7542953
1604707200,456.1749265
1604620800,417.4616963
1604534400,403.6088243
1604448000,387.8907876
1604361600,382.9535172
1604275200,396.9807156
1604188800,385.2658318
1604102400,382.5848968
1604041200,381.8363929
1604016000,381.8363929
1603929600,389.0391971
1603929540,388.5886713
1603843200,404.1717229
1603843140,403.9178276
1603756800,393.0184477
1603756740,393.0543502
1603670400,405.3091906
1603670340,405.8530346
1603584000,412.2154374
1603583940,412.3996783
1603497600,409.6209159
1603497540,409.4930661
1603411200,414.2504337
1603411140,414.4014459
1603324800,391.9363993
1603238400,368.3313478
1603152000,379.3918853
1603065600,378.4563085
1602979200,368.5165632
1602892800,365.5245617
1602806400,377.7296748
1602720000,378.8369185
1602633600,381.071104
1602547200,386.7648151
1602460800,374.1036409
1602374400,370.714811
1602288000,365.0766711
1602201600,350.5254578
1602115200,342.2648926
1602028800,340.8708947
1602028740,340.3511342
1601942400,355.0406279
1601856000,352.3544817
1601855940,352.5694618
1601769600,346.0092043
1601683200,345.8706203
1601596800,352.8112146
1601510400,359.9866163
1601424000,359.9243923
1601337600,353.7852432
1601251200,359.6374004
1601164800,354.3432501
1601078400,352.0063274
1600992000,349.037646
1600905600,320.4819975
1600819200,344.1822506
1600732800,340.0956908
1600646400,370.7348824
1600646340,370.8887137
1600560000,385.1463087
1600473600,384.4289875
1600387200,389.3697928
1600300800,364.7664538
1600214400,364.0165771
1600128000,377.2168373
1600041600,366.1884931
1599955200,387.4574677
1599868800,373.9740139
1599782400,367.9768771
1599696000,351.2068095
1599695940,350.8031237
1599609600,336.7429807
1599523200,353.6864297
1599436800,352.7096369
1599350400,335.1121704
1599264000,386.061012
1599177600,382.250962
1599091200,439.4748594
1599004800,476.067772
1598918400,433.9243576
1598832000,429.3572314
1598745600,398.5996054
1598659200,395.7459979
1598572800,383.1648422
1598486400,385.822773
1598400000,382.5803584
1598313600,407.9197096
1598227200,390.7233242
1598140800,395.708453
1598054400,388.0305432
1597968000,416.0380301
1597881600,408.752817
1597795200,423.5443197
1597708800,431.0164878
1597622400,434.4979981
1597536000,432.3868812
1597449600,438.4101108
1597363200,424.9314842
1597276800,386.7691925
1597190400,378.4103599
1597104000,395.8573173
1597017600,390.1907001
1596931200,398.428019
1596844800,378.9581867
1596758400,394.8927587
1596672000,400.258958
1596585600,389.9848942
1596499200,386.558178
1596412800,372.1565698
1596326400,387.5861356
1596240000,346.695935
1596153600,335.1631642
1596067200,317.6133069
1595980800,317.8459839
1595894400,321.919646
1595808000,311.5759344
1595721600,305.1428033
1595635200,279.9369666
1595548800,275.591982
1595462400,264.4485407
1595376000,245.7853547
1595289600,236.1298742
1595203200,239.5254111
1595116800,235.7848731
1595030400,232.7468552
1594944000,233.5642661
1594857600,238.4897091
1594771200,240.4540989
1594684800,239.4026441
1594598400,243.121534
1594512000,239.2211609
1594425600,241.439652
1594339200,242.076008
1594252800,246.8241708
1594166400,239.4364572
1594080000,241.4543337
1593993600,227.6867035
1593907200,229.2143508
1593820800,225.0822754
1593734400,226.3640698
1593648000,231.0601343
1593561600,225.5673916
1593475200,227.8951057
1593388800,225.0738272
1593302400,220.9185538
1593216000,229.6615009
1593129600,232.1381962
1593043200,234.5520082
1592956800,243.1491624
1592870400,243.6579933
1592784000,227.6860175
1592697600,228.8390731
1592611200,228.821655
1592524800,231.2300742
1592438400,233.8200155
1592352000,235.3332501
1592265600,231.0451609
1592179200,231.2544467
1592092800,238.18761
1592006400,237.6144343
1591920000,229.8423304
1591833600,248.2619402
1591747200,243.965625
1591660800,247.6309748
1591574400,245.0695221
1591488000,241.9217775
1591401600,240.1105187
1591315200,243.2564023
1591228800,244.7010785
1591142400,237.4728743
1591056000,248.1768768
1590969600,231.1126675
1590883200,243.6794069
1590796800,220.6311702
1590710400,221.3775489
1590624000,208.2170518
1590537600,200.9496221
1590451200,203.9929694
1590364800,199.2913237
1590278400,206.4026132
1590192000,207.5963278
1590105600,198.23341
1590019200,209.8604493
1589932800,214.5348422
1589846400,214.9092608
1589760000,207.2178541
1589673600,200.564671
1589587200,194.7386973
1589500800,203.8255481
1589414400,199.9425806
1589328000,189.8272068
1589241600,185.7658749
1589155200,188.5118518
1589068800,209.8864298
1588982400,211.4943261
1588896000,212.3089376
1588809600,199.0245514
1588723200,205.3329395
1588636800,207.0236433
1588550400,209.9109066
1588464000,213.9081648
1588377600,212.0087793
1588291200,206.2009189
1588204800,215.1827521
1588118400,196.5898131
1588032000,196.5027158
1587945600,198.4129357
1587859200,193.9339686
1587772800,187.4412612
1587686400,185.4241492
1587600000,183.208401
1587513600,170.4759551
1587427200,170.4370123
1587340800,180.0435812
1587254400,187.7465846
1587168000,170.7750453
1587081600,172.8403686
1586995200,151.4554548
1586908800,158.5411945
1586822400,156.5357052
1586736000,157.6595364
1586649600,158.4491557
1586563200,158.809493
1586476800,169.8161013
1586390400,172.6302634
1586304000,164.6413228
1586217600,170.9722668
1586131200,142.9290637
1586044800,144.9918051
1585958400,141.4666998
1585872000,141.1892877
1585785600,137.7441723
1585699200,133.2330686
1585612800,132.1833949
1585526400,124.8554844
1585440000,131.2865187
1585353600,130.0379779
1585267200,139.1808803
1585180800,137.0011173
1585094400,138.3840832
1585008000,136.4092751
1584921600,122.3765085
1584835200,132.0549205
1584748800,133.5257155
1584662400,137.1990856
1584576000,118.4473188
1584489600,116.3133077
1584403200,112.0013191
1584316800,123.3705086
1584230400,122.8399757
1584144000,133.968294
1584057600,111.2752577
1583971200,194.7415304
1583884800,200.7025028
1583798400,203.7443118
1583712000,201.8205185
1583625600,236.5022681
1583539200,246.0742117
1583452800,228.1166317
1583366400,224.498132
1583280000,223.9527421
1583193600,231.8633211
1583107200,217.6278737
1583020800,218.4562983
1582934400,227.4294384
1582848000,227.6423694
1582761600,223.8092072
1582675200,245.6435372
1582588800,265.9896882
1582502400,274.9631279
1582416000,261.8239475
1582329600,265.3899179
1582243200,257.277489
1582156800,258.9455107
1582070400,282.5524862
1581984000,268.2483281
1581897600,258.9026118
1581811200,264.5598775
1581724800,286.0177162
1581638400,268.8727375
1581552000,265.6678594
1581465600,237.6472151
1581379200,223.1222914
1581292800,228.6242655
1581206400,223.2054027
1581120000,223.3407608
1581033600,213.227949
1580947200,203.8641795
1580860800,188.6126472
1580774400,189.7097503
1580688000,188.3494106
1580601600,183.6189068
1580515200,179.8344308
1580428800,184.5698102
1580342400,173.6482731
1580256000,176.0848184
1580169600,170.122213
1580083200,168.1918125
1579996800,159.3891804
1579910400,162.5497722
1579824000,162.8946715
1579737600,168.0282546
1579651200,169.7295672
1579564800,166.7925318
1579478400,167.0333925
1579392000,174.0226578
1579305600,169.446009
1579219200,164.0983763
1579132800,166.6053279
1579046400,163.4122822
1578960000,143.58043
1578873600,146.8385967
1578787200,142.2728654
1578700800,144.7945944
1578614400,137.7712853
1578528000,140.6109716
1578441600,142.946891
1578355200,144.3169115
1578268800,135.276097
1578182400,134.4328358
1578096000,134.3858864
1578009600,127.0706028
1577923200,130.4964912
1577836800,128.9040062
1577750400,131.4453681
1577664000,134.3617544
1577577600,128.0722532
1577491200,126.2957982
1577404800,125.63896
1577318400,125.0878785
1577232000,127.7289276
1577145600,127.9055193
1577059200,132.3609943
1576972800,127.0436485
1576886400,128.3207427
1576800000,128.1848445
1576713600,133.3981152
1576627200,122.0877132
1576540800,132.6581892
1576454400,142.5083773
1576368000,141.9252853
1576281600,144.7728086
1576195200,144.8679242
1576108800,144.048741
1576022400,145.645436
1575936000,147.4541534
1575849600,150.6247114
1575763200,147.356367
1575676800,148.8138452
1575590400,148.2188433
1575504000,145.4772658
1575417600,147.2829535
1575331200,148.8585924
1575244800,151.2990416
1575158400,151.3335225
1575072000,154.5064675
1574985600,150.4169756
1574899200,152.7503041
1574812800,147.3792821
1574726400,145.9836034
1574640000,140.1683268
1574553600,152.274326
1574467200,149.7754701
1574380800,161.002192
1574294400,174.4389864
1574208000,175.783061
1574121600,178.0163757
1574035200,183.7561806
1573948800,182.2887234
1573862400,180.1493254
1573776000,184.7506066
1573689600,188.1711258
1573603200,187.1610129
1573516800,184.8475354
1573430400,189.1983738
1573344000,184.7825888
1573257600,183.8651701
1573171200,186.6784072
1573084800,191.4163944
1572998400,188.7958172
1572912000,186.0142591
1572825600,181.7541278
1572739200,183.180856
1572652800,183.6734539
1572566400,181.9563592
1572480000,183.2505666
1572393600,190.7067475
1572307200,181.5585387
1572220800,183.8760885
1572134400,179.6754532
1572048000,182.2610862
1571961600,160.6366547
1571875200,162.4085148
1571788800,171.4024433
1571702400,174.1155779
1571616000,174.9856182
1571529600,171.8404087
1571443200,173.2861171
1571356800,177.2579498
1571270400,174.5218669
1571184000,180.4606229
1571097600,187.7214687
1571011200,181.1459417
1570924800,179.4658735
1570838400,180.9018169
1570752000,191.6490106
1570665600,193.8237482
1570579200,180.8522812
1570492800,180.4518129
1570406400,170.2276143
1570320000,176.3561116
1570233600,175.1727256
1570147200,175.1031598
1570060800,180.8681419
1569974400,176.0829703
1569888000,181.4634876
1569801600,169.9677329
1569715200,173.7797601
1569628800,173.9008551
1569542400,166.3566307
1569456000,170.3015969
1569369600,167.0117711
1569283200,200.5848026
1569196800,211.6543304
1569110400,215.4586522
1569024000,218.5527236
1568937600,221.7894003
1568851200,209.1709442
1568764800,208.3847715
1568678400,198.0829897
1568592000,189.8302224
1568505600,188.5877392
1568419200,181.4382007
1568332800,180.8263785
1568246400,178.4760268
1568160000,179.7889563
1568073600,180.6182926
1567987200,181.2739003
1567900800,178.621387
1567814400,169.1326262
1567728000,173.8526196
1567641600,174.7302625
1567555200,178.5312976
1567468800,178.551463
1567382400,171.2693135
1567296000,171.8990381
1567209600,168.4860693
1567123200,169.3428116
1567036800,172.8609989
1566950400,187.2373608
1566864000,188.4752337
1566777600,186.8233767
1566691200,190.8311787
1566604800,194.2588045
1566518400,189.7470614
1566432000,189.9340291
1566345600,196.9390056
1566259200,202.5738461
1566172800,194.4876781
1566086400,186.2743801
1566000000,185.1523161
1565913600,188.0601102
1565827200,188.1114007
1565740800,208.8664428
1565654400,211.2726486
1565568000,215.623414
1565481600,206.2799383
1565395200,211.2465147
1565308800,221.5399486
1565222400,226.5324414
1565136000,225.7344524
1565049600,232.8658663
1564963200,222.5978752
1564876800,222.0208388
1564790400,217.7830907
1564704000,217.334
1564617600,218.7765953
1564531200,209.5286123
1564444800,211.2146405
1564358400,211.490945
1564272000,207.4566752
1564185600,218.7271494
1564099200,218.9175601
1564012800,215.9255337
1563926400,212.3392201
1563840000,216.7335889
1563753600,226.4431105
1563667200,227.7529853
1563580800,222.9516812
1563494400,226.1284896
1563408000,211.2865282
1563321600,199.8849807
1563235200,229.0606398
1563148800,226.6141534
1563062400,269.5179059
1562976000,275.1805826
1562889600,268.1500844
1562803200,288.0961554
1562716800,306.9405291
1562630400,312.404126
1562544000,307.0987855
1562457600,286.0624272
1562371200,287.5347334
1562284800,281.6187539
1562198400,302.6794201
1562112000,292.5877055
1562025600,295.5681017
1561939200,292.0006105
1561852800,320.1308048
1561766400,309.7488068
1561680000,293.8871466
1561593600,334.0597632
1561507200,316.6516756
1561420800,311.6636153
1561334400,306.8363914
1561248000,309.837374
1561161600,295.0956433
1561075200,272.6648229
1560988800,269.021376
1560902400,264.6526963
1560816000,273.9752464
1560729600,269.0351897
1560643200,268.5238385
1560556800,263.920029
1560470400,255.6687105
1560384000,261.716326
1560297600,245.052366
1560211200,248.0451678
1560124800,230.8244614
1560038400,243.8480012
1559952000,249.0639404
1559865600,250.011068
1559779200,245.4286989
1559692800,241.6799162
1559606400,247.1100587
1559520000,269.0542374
1559433600,264.175838
1559347200,267.5789719
1559260800,254.3148854
1559174400,266.0623106
1559088000,267.8155138
1559001600,268.6411727
1558915200,264.9845641
1558828800,252.791357
1558742400,251.5193204
1558656000,249.3229191
1558569600,246.4270547
1558483200,255.0954635
1558396800,252.5290644
1558310400,259.7882665
1558224000,232.6517678
1558137600,245.7757058
1558051200,263.5282493
1557964800,248.4769856
1557878400,217.7809293
1557792000,195.8201273
1557705600,187.9255106
1557619200,194.1216118
1557532800,173.121937
1557446400,171.30867
1557360000,171.5330931
1557273600,167.7690504
1557187200,175.2491783
1557100800,165.9525515
1557014400,164.2781765
1556928000,168.3747159
1556841600,161.4611382
1556755200,161.0742799
1556668800,163.392434
1556582400,161.3799019
1556496000,158.806962
1556409600,159.6711662
1556323200,157.9952468
1556236800,153.7051342
1556150400,165.5263316
1556064000,169.9351886
1555977600,175.0205771
1555891200,170.5272959
1555804800,173.2230502
1555718400,173.4090313
1555632000,174.4123076
1555545600,166.4591525
1555459200,166.1895181
1555372800,160.0798272
1555286400,169.3416653
1555200000,163.6974397
1555113600,164.0226676
1555027200,164.8094578
1554940800,177.3454251
1554854400,175.2178008
1554768000,179.8404966
1554681600,174.7806159
1554595200,166.0081375
1554508800,165.3066838
1554422400,157.7804936
1554336000,160.292644
1554249600,164.6188615
1554163200,141.7377643
1554076800,142.4062677
1553990400,143.6266972
1553904000,144.8766945
1553817600,138.2122773
1553731200,140.2608135
1553644800,134.3873847
1553558400,134.4136274
1553472000,136.3021422
1553385600,137.6597558
1553299200,136.2566819
1553212800,136.1037554
1553126400,139.6699745
1553040000,139.027835
1552953600,138.2544011
1552867200,139.5195145
1552780800,141.733828
1552694400,137.531804
1552608000,132.7787395
1552521600,132.2857478
1552435200,134.5481605
1552348800,133.5151039
1552262400,136.2261168
1552176000,138.1578083
1552089600,134.3885995
1552003200,137.6934443
1551916800,140.1714969
1551830400,138.0141698
1551744000,126.5087794
1551657600,131.3225377
1551571200,134.5967472
1551484800,136.5113733
1551398400,136.7072035
1551312000,135.9723628
1551225600,139.2576112
1551139200,137.12
1551052800,139.02
1550966400,133.42
1550880000,159.48
1550793600,149.04
1550707200,146.36
1550620800,149.23
1550534400,144.4
1550448000,146.53
1550361600,134.28
1550275200,123.26
1550188800,122.02
1550102400,120.85
1550016000,122.31
1549929600,122.63
1549843200,120.76
1549756800,125.58
1549670400,119.46
1549584000,119.49
1549497600,104.3
1549411200,104.5
1549324800,106.93
1549238400,106.9
1549152000,107.21
1549065600,111
1548979200,107.03
1548892800,106.89
1548806400,109.04
1548720000,104.75
1548633600,106.36
1548547200,112.27
1548460800,116.33
1548374400,115.92
1548288000,117.7
1548201600,117.57
1548115200,119.12
1548028800,116.72
1547942400,118.41
1547856000,124.85
1547769600,120.57
1547683200,123.72
1547596800,123.12
1547510400,121.22
1547424000,129.74
1547337600,116.56
1547251200,125.83
1547164800,127.16
1547078400,127.96
1546992000,151.17
1546905600,151.1
1546819200,152.09
1546732800,158.61
1546646400,156.23
1546560000,156.04
1546473600,149.44
1546387200,156.57
1546300800,142.66
1546214400,133.49
1546128000,141.33
1546041600,137.3
1545955200,139.73
1545868800,116.72
1545782400,132.61
1545696000,130.99
1545609600,140.87
1545523200,131.56
1545436800,118.36
1545350400,109.44
1545264000,116.43
1545177600,100.63
1545091200,102.44
1545004800,95.44
1544918400,85.39
1544832000,84.27
1544745600,83.9
1544659200,86.39
1544572800,90.52
1544486400,88.05
1544400000,90.7
1544313600,94.42
1544227200,91.44
1544140800,93.61
1544054400,90.43
1543968000,101.57
1543881600,109.82
1543795200,108.23
1543708800,115.96
1543622400,118.5
1543536000,112.87
1543449600,117.48
1543363200,122.88
1543276800,110.19
1543190400,108.87
1543104000,116.75
1543017600,112.75
1542931200,123.37
1542844800,124.83
1542758400,136.5
1542672000,130.74
1542585600,148.22
1542499200,177.53
1542412800,174.22
1542326400,174.84
1542240000,181.53
1542153600,182.72
1542067200,206.42
1541980800,210.81
1541894400,211.7
1541808000,211.9
1541721600,209.39
1541635200,211.29
1541548800,217.99
1541462400,219.56
1541376000,209.7
1541289600,211.3
1541203200,199.47
1541116800,201.02
1541030400,198.73
1540944000,197.85
1540857600,196.19
1540771200,195.67
1540684800,203.72
1540598400,202.79
1540512000,203.37
1540425600,201.23
1540339200,202.92
1540252800,203.7
1540166400,203.6
1540080000,204.77
1539993600,205.08
1539907200,202.86
1539820800,202.49
1539734400,207.6
1539648000,210.22
1539561600,210.8
1539475200,194.99
1539388800,199.45
1539302400,195.97
1539216000,189.83
1539129600,225.26
1539043200,227.49
1538956800,229.33
1538870400,225.65
1538784000,224.62
1538697600,227.9
1538611200,221.76
1538524800,219.97
1538438400,225.41
1538352000,230.89
1538265600,232.6
1538179200,231.32
1538092800,221.56
1538006400,229.09
1537920000,214.21
1537833600,219.2
1537747200,227.92
1537660800,244.55
1537574400,240.78
1537488000,247.69
1537401600,224.76
1537315200,209.78
1537228800,208.39
1537142400,196.04
1537056000,220.12
1536969600,221.63
1536883200,208.87
1536796800,211.27
1536710400,183.03
1536624000,185.15
1536537600,197.14
1536451200,195.99
1536364800,196.77
1536278400,215.14
1536192000,229.52
1536105600,228.27
1536019200,285.23
1535932800,288.97
1535846400,295.02
1535760000,295.36
1535673600,281.66
1535587200,284.15
1535500800,288.67
1535414400,295.55
1535328000,288.02
1535241600,274.3
1535155200,277.56
1535068800,281.37
1534982400,275.83
1534896000,270.37
1534809600,281.13
1534723200,270.81
1534636800,299.62
1534550400,294.85
1534464000,317.57
1534377600,286.8
1534291200,281.24
1534204800,278.31
1534118400,284.03
1534032000,318.2
1533945600,318.01
1533859200,331.57
1533772800,363.51
1533686400,355.57
1533600000,377.94
1533513600,404.95
1533427200,408.81
1533340800,406.91
1533254400,417.62
1533168000,410.83
1533081600,419.87
1532995200,431.99
1532908800,456.56
1532822400,466.2
1532736000,468.55
1532649600,469.69
1532563200,462.03
1532476800,471.28
1532390400,479.47
1532304000,449.63
1532217600,457.65
1532131200,461.04
1532044800,448.84
1531958400,468.65
1531872000,479.02
1531785600,499.06
1531699200,478.75
1531612800,449.62
1531526400,433.74
1531440000,432.46
1531353600,430.91
1531267200,445.59
1531180800,432.69
1531094400,471.48
1531008000,486.19
1530921600,485.81
1530835200,469.93
1530748800,467.55
1530662400,467.19
1530576000,461.95
1530489600,476.58
1530403200,451.95
1530316800,453.42
1530230400,435.25
1530144000,420.72
1530057600,441.75
1529971200,429.58
1529884800,458.82
1529798400,455.25
1529712000,474.18
1529625600,462.16
1529539200,525.77
1529452800,536.16
1529366400,538.45
1529280000,517.63
1529193600,496.74
1529107200,497.22
1529020800,487.51
1528934400,519.83
1528848000,476.3
1528761600,494.53
1528675200,531.15
1528588800,524.74
1528502400,593.38
1528416000,599.55
1528329600,604.44
1528243200,606.3
1528156800,608.23
1528070400,591.31
1527984000,619.04
1527897600,590.53
1527811200,579.01
1527724800,577.23
1527638400,557.12
1527552000,566.59
1527465600,512.03
1527379200,569.64
1527292800,585.76
1527206400,584.77
1527120000,602.59
1527033600,577.01
1526947200,640.84
1526860800,696.73
1526774400,715.15
1526688000,696.05
1526601600,693.57
1526515200,668.38
1526428800,706.72
1526342400,705.64
1526256000,727.41
1526169600,729.34
1526083200,683.64
1525996800,677.8
1525910400,723.61
1525824000,751.27
1525737600,747.79
1525651200,752.4
1525564800,790.39
1525478400,816.58
1525392000,784.21
1525305600,777.62
1525219200,686.74
1525132800,670.81
1525046400,670.04
1524960000,689.31
1524873600,683.02
1524787200,643.33
1524700800,661.45
1524614400,617.73
1524528000,703.35
1524441600,644.13
1524355200,621.33
1524268800,605.17
1524182400,617.16
1524096000,567.25
1524009600,525.78
1523923200,503.03
1523836800,511.67
1523750400,534.15
1523664000,502.79
1523577600,494.96
1523491200,493.95
1523404800,430.42
1523318400,415.65
1523232000,399.02
1523145600,400.72
1523059200,384.98
1522972800,370.35
1522886400,381.36
1522800000,378.65
1522713600,415.93
1522627200,384.68
1522540800,378.85
1522454400,394.07
1522368000,393.82
1522281600,383.9
1522195200,445.93
1522108800,448.78
1522022400,486.25
1521936000,523.01
1521849600,520.16
1521763200,543.83
1521676800,539.89
1521590400,559.91
1521504000,557.57
1521417600,555.55
1521331200,537.38
1521244800,549.79
1521158400,600.53
1521072000,610.56
1520985600,613.15
1520899200,689.96
1520812800,697.02
1520726400,720.36
1520640000,682.3
1520553600,726.92
1520467200,698.83
1520380800,751.13
1520294400,815.69
1520208000,849.42
1520121600,864.83
1520035200,855.65
1519948800,855.6
1519862400,869.87
1519776000,851.5
1519689600,871.58
1519603200,867.62
1519516800,840.28
1519430400,833.49
1519344000,854.7
1519257600,804.63
1519171200,840.1
1519084800,885.52
1518998400,939.79
1518912000,913.9
1518825600,974.77
1518739200,938.02
1518652800,927.95
1518566400,920.11
1518480000,840.98
1518393600,865.27
1518307200,811.24
1518220800,850.75
1518134400,877.88
1518048000,813.55
1517961600,751.81
1517875200,785.01
1517788800,695.08
1517702400,827.59
1517616000,970.87
1517529600,917.47
1517443200,1026.19
1517356800,1111.31
1517270400,1063.75
1517184000,1169.96
1517097600,1231.58
1517011200,1109.08
1516924800,1048.58
1516838400,1046.37
1516752000,1061.78
1516665600,984.47
1516579200,999.64
1516492800,1049.09
1516406400,1150.5
1516320000,1037.36
1516233600,1012.97
1516147200,1024.69
1516060800,1050.26
1515974400,1278.69
1515888000,1359.48
1515801600,1385.02
1515715200,1261.03
1515628800,1139.32
1515542400,1248.99
1515456000,1289.24
1515369600,1136.11
1515283200,1117.75
1515196800,1006.41
1515110400,967.13
1515024000,944.83
1514937600,941.1
1514851200,861.97
1514764800,756.2
1514678400,741.13
1514592000,692.99
1514505600,739.6
1514419200,716.69
1514332800,739.94
1514246400,753.4
1514160000,723.14
1514073600,675.91
1513987200,700.44
1513900800,657.83
1513814400,789.39
1513728000,799.17
1513641600,812.5
1513555200,785.99
1513468800,717.71
1513382400,692.83
1513296000,684.27
1513209600,693.58
1513123200,699.09
1513036800,656.52
1512950400,513.29
1512864000,436.49
1512777600,472.86
1512691200,451.74
1512604800,421.15
1512518400,422.48
1512432000,453.96
1512345600,466.93
1512259200,462.81
1512172800,457.96
1512086400,461.58
1512000000,434.85
1511913600,427.42
1511827200,466.27
1511740800,475.24
1511654400,470.54
1511568000,464.61
1511481600,470.43
1511395200,406.57
1511308800,380.84
1511222400,360.52
1511136000,367.71
1511049600,354.6
1510963200,346.65
1510876800,331.72
1510790400,330.32
1510704000,331.2
1510617600,334.72
1510531200,314.6
1510444800,306.02
1510358400,314.23
1510272000,296.86
1510185600,319.66
1510099200,307.35
1510012800,291.84
1509926400,296.82
1509840000,296.23
1509753600,300.04
1509667200,304.51
1509580800,284.92
1509494400,289.42
1509408000,303.64
1509321600,306.8
1509235200,304.04
1509148800,293.35
1509062400,296.36
1508976000,295.54
1508889600,296.35
1508803200,296.5
1508716800,285.27
1508630400,294.03
1508544000,299.55
1508457600,303.08
1508371200,307.41
1508284800,313.54
1508198400,316.14
1508112000,334.23
1508025600,336.58
1507939200,338.81
1507852800,336.83
1507766400,302.89
1507680000,302.86
1507593600,298.46
1507507200,296.95
1507420800,309.49
1507334400,311.26
1507248000,308.33
1507161600,294.99
1507075200,291.68
1506988800,291.81
1506902400,296.81
1506816000,303.95
1506729600,302.77
1506643200,292.58
1506556800,302.77
1506470400,309.97
1506384000,288.64
1506297600,294.89
1506211200,282.6
1506124800,286.14
1506038400,262.94
1505952000,257.77
1505865600,283.56
1505779200,283
1505692800,297.53
1505606400,258.4
1505520000,254.49
1505433600,259.57
1505347200,223.14
1505260800,275.84
1505174400,294.1
1505088000,297.95
1505001600,299.21
1504915200,303.79
1504828800,306.72
1504742400,335.37
1504656000,338.92
1504569600,317.94
1504483200,303.7
1504396800,352.45
1504310400,351.03
1504224000,391.42
1504137600,388.33
1504051200,383.86
1503964800,372.35
1503878400,347.66
1503792000,347.88
1503705600,332.86
1503619200,330.06
1503532800,325.28
1503446400,317.4
1503360000,313.37
1503273600,321.85
1503187200,298.2
1503100800,293.02
1503014400,292.62
1502928000,300.3
1502841600,301.38
1502755200,286.52
1502668800,299.16
1502582400,296.62
1502496000,308.02
1502409600,309.32
1502323200,298.28
1502236800,295.28
1502150400,296.51
1502064000,269.94
1501977600,264.56
1501891200,253.09
1501804800,220.6
1501718400,224.39
1501632000,218.12
1501545600,225.9
1501459200,201.33
1501372800,196.78
1501286400,206.14
1501200000,191.21
1501113600,202.93
1501027200,202.88
1500940800,203.59
1500854400,225.48
1500768000,228.32
1500681600,230.47
1500595200,216.33
1500508800,226.33
1500422400,194.41
1500336000,227.09
1500249600,189.97
1500163200,155.42
1500076800,169.1
1499990400,197.14
1499904000,205.41
1499817600,224.15
1499731200,190.55
1499644800,205.76
1499558400,237.72
1499472000,245.67
1499385600,240.94
1499299200,265.88
1499212800,266
1499126400,269.05
1499040000,276.41
1498953600,283.99
1498867200,261
1498780800,280.68
1498694400,292.9
1498608000,315.86
1498521600,286.14
1498435200,253.68
1498348800,279.36
1498262400,304.54
1498176000,326.85
1498089600,320.97
1498003200,325.3
1497916800,350.53
1497830400,358.2
1497744000,351.53
1497657600,368.1
1497571200,353.61
1497484800,344.68
1497398400,343.84
1497312000,388.09
1497225600,394.66
1497139200,339.68
1497052800,335.95
1496966400,279.11
1496880000,259.41
1496793600,255.77
1496707200,264.26
1496620800,247.75
1496534400,244.96
1496448000,224.3
1496361600,222.04
1496275200,220.7
1496188800,228.64
1496102400,228.58
1496016000,194.17
1495929600,172.86
1495843200,156.63
1495756800,162.83
1495670400,177.33
1495584000,193.03
1495497600,169.5
1495411200,160.39
1495324800,148
1495238400,123.06
1495152000,124.38
1495065600,95.88
1494979200,86.98
1494892800,87.8
1494806400,90.32
1494720000,88.72
1494633600,87.96
1494547200,85.15
1494460800,88.2
1494374400,87.83
1494288000,86.27
1494201600,88.39
1494115200,90.46
1494028800,94.82
1493942400,90.79
1493856000,94.55
1493769600,80.37
1493683200,77.25
1493596800,77.53
1493510400,79.83
1493424000,69.83
1493337600,72.42
1493251200,63.14
1493164800,53.28
1493078400,50.09
1492992000,49.94
1492905600,48.75
1492819200,48.41
1492732800,48.27
1492646400,49.36
1492560000,47.88
1492473600,49.88
1492387200,47.94
1492300800,48.22
1492214400,48.89
1492128000,47.32
1492041600,49.97
1491955200,46.38
1491868800,43.74
1491782400,43.74
1491696000,43.72
1491609600,44.37
1491523200,42.31
1491436800,43.23
1491350400,44.9
1491264000,44.43
1491177600,44.13
1491091200,48.55
1491004800,50.6
1490918400,49.91
1490832000,51.91
1490745600,53.07
1490659200,50.25
1490572800,49.06
1490486400,50.63
1490400000,50.62
1490313600,53.19
1490227200,43.2
1490140800,41.65
1490054400,42.67
1489968000,42.51
1489881600,43.12
1489795200,34
1489708800,44.48
1489622400,45.51
1489536000,35.18
1489449600,28.58
1489363200,28.45
1489276800,23.31
1489190400,21.45
1489104000,19.13
1489017600,17.71
1488931200,16.54
1488844800,18.91
1488758400,19.75
1488672000,19.22
1488585600,18.61
1488499200,19.48
1488412800,19.08
1488326400,17.55
1488240000,16.07
1488153600,15.55
1488067200,14.59
1487980800,13.57
1487894400,13.11
1487808000,13.13
1487721600,12.69
1487635200,12.77
1487548800,12.52
1487462400,12.82
1487376000,12.83
1487289600,12.72
1487203200,12.95
1487116800,12.97
1487030400,13
1486944000,11.39
1486857600,11.42
1486771200,11.43
1486684800,11.34
1486598400,10.94
1486512000,11.39
1486425600,11.45
1486339200,11.32
1486252800,11.22
1486166400,11.32
1486080000,10.95
1485993600,10.78
1485907200,10.71
1485820800,10.71
1485734400,10.62
1485648000,10.47
1485561600,10.54
1485475200,10.51
1485388800,10.65
1485302400,10.51
1485216000,10.51
1485129600,10.78
1485043200,10.71
1484956800,10.91
1484870400,10.6
1484784000,10.43
1484697600,10.19
1484611200,10.14
1484524800,9.59
1484438400,9.88
1484352000,9.78
1484265600,9.78
1484179200,9.81
1484092800,9.83
1484006400,10.55
1483920000,10.2
1483833600,10.27
1483747200,9.78
1483660800,10.07
1483574400,10.2
1483488000,10.88
1483401600,9.59
1483315200,8.33
1483228800,8.14
